id,label
0,reformasi
1,ideologi
2,pemerataan
3,sdm
4,reformasi
5,ideologi
6,reformasi
7,ideologi
8,sdm
9,ideologi
10,sdm
11,pekerjaan
12,pertahanan
13,pemerataan
14,reformasi
15,reformasi
16,reformasi
17,sdm
18,pertahanan
19,ideologi
20,pekerjaan
21,pemerataan
22,pertahanan
23,reformasi
24,pertahanan
25,ideologi
26,reformasi
27,reformasi
28,ideologi
29,pekerjaan
30,pemerataan
31,sdm
32,pekerjaan
33,reformasi
34,reformasi
35,hilirisasi
36,reformasi
37,reformasi
38,pekerjaan
39,sdm
40,reformasi
41,reformasi
42,pekerjaan
43,ideologi
44,ideologi
45,reformasi
46,pertahanan
47,pemerataan
48,reformasi
49,reformasi
50,pekerjaan
51,ideologi
52,pertahanan
53,pertahanan
54,pertahanan
55,sdm
56,ideologi
57,reformasi
58,pertahanan
59,reformasi
60,reformasi
61,pertahanan
62,pekerjaan
63,pekerjaan
64,reformasi
65,pertahanan
66,hilirisasi
67,reformasi
68,hilirisasi
69,pekerjaan
70,sdm
71,reformasi
72,reformasi
73,pertahanan
74,ideologi
75,pekerjaan
76,sdm
77,reformasi
78,hilirisasi
79,ideologi
80,ideologi
81,pertahanan
82,pertahanan
83,sdm
84,pertahanan
85,reformasi
86,pekerjaan
87,pekerjaan
88,reformasi
89,reformasi
90,harmoni
91,pertahanan
92,reformasi
93,reformasi
94,reformasi
95,sdm
96,pertahanan
97,reformasi
98,pertahanan
99,sdm
100,pertahanan
101,pertahanan
102,pertahanan
103,reformasi
104,sdm
105,pekerjaan
106,pertahanan
107,pertahanan
108,sdm
109,pekerjaan
110,reformasi
111,pertahanan
112,ideologi
113,harmoni
114,reformasi
115,ideologi
116,reformasi
117,pemerataan
118,pemerataan
119,pertahanan
120,reformasi
121,reformasi
122,reformasi
123,pertahanan
124,pertahanan
125,reformasi
126,harmoni
127,reformasi
128,sdm
129,sdm
130,pemerataan
131,ideologi
132,pemerataan
133,sdm
134,hilirisasi
135,pekerjaan
136,reformasi
137,sdm
138,ideologi
139,harmoni
140,reformasi
141,reformasi
142,ideologi
143,reformasi
144,reformasi
145,harmoni
146,pekerjaan
147,reformasi
148,sdm
149,ideologi
150,pertahanan
151,ideologi
152,ideologi
153,ideologi
154,reformasi
155,pekerjaan
156,pertahanan
157,pertahanan
158,reformasi
159,reformasi
160,reformasi
161,reformasi
162,harmoni
163,sdm
164,ideologi
165,harmoni
166,pertahanan
167,pekerjaan
168,reformasi
169,ideologi
170,harmoni
171,reformasi
172,reformasi
173,reformasi
174,reformasi
175,reformasi
176,hilirisasi
177,pertahanan
178,reformasi
179,hilirisasi
180,pertahanan
181,pertahanan
182,pemerataan
183,pekerjaan
184,sdm
185,reformasi
186,reformasi
187,hilirisasi
188,reformasi
189,reformasi
190,sdm
191,ideologi
192,reformasi
193,reformasi
194,reformasi
195,pertahanan
196,pertahanan
197,pekerjaan
198,pemerataan
199,hilirisasi
200,reformasi
201,ideologi
202,hilirisasi
203,pekerjaan
204,pemerataan
205,reformasi
206,pertahanan
207,pertahanan
208,ideologi
209,ideologi
210,pekerjaan
211,reformasi
212,ideologi
213,reformasi
214,ideologi
215,pemerataan
216,ideologi
217,ideologi
218,pekerjaan
219,reformasi
220,reformasi
221,reformasi
222,hilirisasi
223,reformasi
224,ideologi
225,ideologi
226,harmoni
227,pertahanan
228,pertahanan
229,reformasi
230,pertahanan
231,ideologi
232,pertahanan
233,reformasi
234,pertahanan
235,pekerjaan
236,reformasi
237,reformasi
238,reformasi
239,reformasi
240,ideologi
241,harmoni
242,pertahanan
243,ideologi
244,reformasi
245,ideologi
246,reformasi
247,reformasi
248,reformasi
249,pertahanan
250,reformasi
251,harmoni
252,reformasi
253,reformasi
254,reformasi
255,pekerjaan
256,sdm
257,pertahanan
258,pemerataan
259,reformasi
260,sdm
261,harmoni
262,sdm
263,pertahanan
264,pertahanan
265,reformasi
266,sdm
267,hilirisasi
268,reformasi
269,pertahanan
270,reformasi
271,ideologi
272,pertahanan
273,pemerataan
274,reformasi
275,harmoni
276,reformasi
277,harmoni
278,pemerataan
279,reformasi
280,reformasi
281,harmoni
282,pertahanan
283,reformasi
284,reformasi
285,sdm
286,pertahanan
287,reformasi
288,reformasi
289,reformasi
290,ideologi
291,pemerataan
292,sdm
293,pertahanan
294,sdm
295,reformasi
296,harmoni
297,ideologi
298,reformasi
299,reformasi
300,reformasi
301,reformasi
302,reformasi
303,reformasi
304,reformasi
305,pertahanan
306,harmoni
307,reformasi
308,ideologi
309,reformasi
310,sdm
311,pemerataan
312,pertahanan
313,harmoni
314,pekerjaan
315,sdm
316,reformasi
317,pertahanan
318,hilirisasi
319,sdm
320,pertahanan
321,harmoni
322,pertahanan
323,ideologi
324,sdm
325,ideologi
326,reformasi
327,pertahanan
328,reformasi
329,reformasi
330,reformasi
331,sdm
332,harmoni
333,pertahanan
334,pertahanan
335,reformasi
336,pertahanan
337,pemerataan
338,reformasi
339,reformasi
340,sdm
341,harmoni
342,reformasi
343,hilirisasi
344,sdm
345,harmoni
346,reformasi
347,pekerjaan
348,sdm
349,reformasi
350,pekerjaan
351,reformasi
352,pemerataan
353,pertahanan
354,sdm
355,pekerjaan
356,reformasi
357,pekerjaan
358,reformasi
359,reformasi
360,pekerjaan
361,pertahanan
362,reformasi
363,ideologi
364,reformasi
365,reformasi
366,sdm
367,pertahanan
368,pertahanan
369,harmoni
370,sdm
371,reformasi
372,sdm
373,reformasi
374,sdm
375,pertahanan
376,reformasi
377,pertahanan
378,harmoni
379,ideologi
380,sdm
381,ideologi
382,sdm
383,reformasi
384,pertahanan
385,reformasi
386,sdm
387,ideologi
388,reformasi
389,reformasi
390,sdm
391,pertahanan
392,reformasi
393,pekerjaan
394,reformasi
395,pertahanan
396,sdm
397,reformasi
398,reformasi
399,reformasi
400,reformasi
401,reformasi
402,reformasi
403,ideologi
404,pertahanan
405,pekerjaan
406,ideologi
407,ideologi
408,sdm
409,pertahanan
410,ideologi
411,pertahanan
412,reformasi
413,pekerjaan
414,ideologi
415,ideologi
416,hilirisasi
417,sdm
418,pertahanan
419,pemerataan
420,pertahanan
421,ideologi
422,pemerataan
423,sdm
424,hilirisasi
425,pekerjaan
426,pertahanan
427,harmoni
428,reformasi
429,pertahanan
430,pertahanan
431,reformasi
432,reformasi
433,ideologi
434,ideologi
435,pertahanan
436,reformasi
437,reformasi
438,pertahanan
439,reformasi
440,pertahanan
441,pertahanan
442,pemerataan
443,pekerjaan
444,pemerataan
445,pertahanan
446,reformasi
447,reformasi
448,ideologi
449,pertahanan
450,reformasi
451,harmoni
452,harmoni
453,pertahanan
454,reformasi
455,reformasi
456,ideologi
457,sdm
458,pertahanan
459,reformasi
460,pekerjaan
461,pemerataan
462,sdm
463,sdm
464,ideologi
465,reformasi
466,reformasi
467,sdm
468,ideologi
469,pemerataan
470,reformasi
471,reformasi
472,reformasi
473,pertahanan
474,pertahanan
475,reformasi
476,reformasi
477,pertahanan
478,sdm
479,reformasi
480,pertahanan
481,pemerataan
482,reformasi
483,ideologi
484,pertahanan
485,harmoni
486,ideologi
487,reformasi
488,sdm
489,sdm
490,sdm
491,pekerjaan
492,pekerjaan
493,pekerjaan
494,reformasi
495,pertahanan
496,pertahanan
497,pertahanan
498,hilirisasi
499,reformasi
500,reformasi
501,pekerjaan
502,pertahanan
503,reformasi
504,reformasi
505,ideologi
506,reformasi
507,pertahanan
508,ideologi
509,pertahanan
510,ideologi
511,hilirisasi
512,sdm
513,pemerataan
514,reformasi
515,ideologi
516,reformasi
517,pemerataan
518,reformasi
519,harmoni
520,ideologi
521,reformasi
522,ideologi
523,pekerjaan
524,ideologi
525,pekerjaan
526,pertahanan
527,sdm
528,pertahanan
529,reformasi
530,pertahanan
531,pertahanan
532,harmoni
533,pertahanan
534,reformasi
535,reformasi
536,reformasi
537,reformasi
538,ideologi
539,reformasi
540,pertahanan
541,harmoni
542,reformasi
543,reformasi
544,reformasi
545,pertahanan
546,reformasi
547,harmoni
548,reformasi
549,reformasi
550,pekerjaan
551,sdm
552,pertahanan
553,sdm
554,ideologi
555,sdm
556,sdm
557,reformasi
558,sdm
559,reformasi
560,reformasi
561,ideologi
562,pertahanan
563,ideologi
564,reformasi
565,reformasi
566,reformasi
567,reformasi
568,ideologi
569,hilirisasi
570,reformasi
571,ideologi
572,sdm
573,sdm
574,reformasi
575,reformasi
576,reformasi
577,sdm
578,reformasi
579,pertahanan
580,pertahanan
581,reformasi
582,reformasi
583,reformasi
584,pertahanan
585,sdm
586,pemerataan
587,pertahanan
588,pekerjaan
589,reformasi
590,sdm
591,ideologi
592,pertahanan
593,ideologi
594,sdm
595,reformasi
596,harmoni
597,reformasi
598,pekerjaan
599,reformasi
600,ideologi
601,harmoni
602,ideologi
603,sdm
604,reformasi
605,hilirisasi
606,reformasi
607,ideologi
608,pemerataan
609,reformasi
610,sdm
611,pertahanan
612,reformasi
613,ideologi
614,reformasi
615,pertahanan
616,reformasi
617,pemerataan
618,ideologi
619,reformasi
620,reformasi
621,sdm
622,sdm
623,reformasi
624,pekerjaan
625,reformasi
626,pemerataan
627,ideologi
628,pertahanan
629,ideologi
630,pertahanan
631,pemerataan
632,ideologi
633,sdm
634,sdm
635,ideologi
636,ideologi
637,pemerataan
638,harmoni
639,reformasi
640,pertahanan
641,sdm
642,ideologi
643,ideologi
644,sdm
645,reformasi
646,pertahanan
647,reformasi
648,pekerjaan
649,pertahanan
650,reformasi
651,hilirisasi
652,pekerjaan
653,reformasi
654,reformasi
655,sdm
656,reformasi
657,ideologi
658,pertahanan
659,pertahanan
660,harmoni
661,ideologi
662,harmoni
663,ideologi
664,harmoni
665,reformasi
666,ideologi
667,sdm
668,reformasi
669,pemerataan
670,ideologi
671,reformasi
672,pemerataan
673,sdm
674,reformasi
675,reformasi
676,pertahanan
677,pekerjaan
678,pertahanan
679,hilirisasi
680,sdm
681,harmoni
682,reformasi
683,sdm
684,sdm
685,sdm
686,sdm
687,harmoni
688,pertahanan
689,ideologi
690,reformasi
691,pertahanan
692,pertahanan
693,harmoni
694,ideologi
695,pertahanan
696,pemerataan
697,reformasi
698,reformasi
699,ideologi
700,ideologi
701,reformasi
702,reformasi
703,sdm
704,reformasi
705,ideologi
706,ideologi
707,sdm
708,reformasi
709,harmoni
710,harmoni
711,pertahanan
712,ideologi
713,hilirisasi
714,ideologi
715,harmoni
716,pertahanan
717,pekerjaan
718,reformasi
719,sdm
720,sdm
721,ideologi
722,sdm
723,pertahanan
724,ideologi
725,pekerjaan
726,reformasi
727,harmoni
728,reformasi
729,reformasi
730,pemerataan
731,ideologi
732,sdm
733,reformasi
734,reformasi
735,ideologi
736,pertahanan
737,pertahanan
738,reformasi
739,pertahanan
740,reformasi
741,reformasi
742,ideologi
743,pertahanan
744,ideologi
745,sdm
746,ideologi
747,sdm
748,sdm
749,pekerjaan
750,reformasi
751,pertahanan
752,harmoni
753,pertahanan
754,reformasi
755,ideologi
756,pertahanan
757,hilirisasi
758,ideologi
759,reformasi
760,reformasi
761,ideologi
762,hilirisasi
763,reformasi
764,ideologi
765,pertahanan
766,reformasi
767,pertahanan
768,ideologi
769,pekerjaan
770,reformasi
771,pertahanan
772,pekerjaan
773,sdm
774,reformasi
775,ideologi
776,reformasi
777,ideologi
778,ideologi
779,sdm
780,reformasi
781,pertahanan
782,reformasi
783,pertahanan
784,pertahanan
785,sdm
786,reformasi
787,ideologi
788,sdm
789,pekerjaan
790,harmoni
791,pemerataan
792,ideologi
793,reformasi
794,ideologi
795,harmoni
796,sdm
797,pertahanan
798,sdm
799,sdm
800,ideologi
801,pertahanan
802,harmoni
803,ideologi
804,hilirisasi
805,pekerjaan
806,pertahanan
807,ideologi
808,reformasi
809,reformasi
810,reformasi
811,reformasi
812,sdm
813,pekerjaan
814,reformasi
815,pertahanan
816,hilirisasi
817,pemerataan
818,harmoni
819,harmoni
820,pertahanan
821,sdm
822,pemerataan
823,reformasi
824,ideologi
825,hilirisasi
826,reformasi
827,reformasi
828,reformasi
829,reformasi
830,reformasi
831,ideologi
832,hilirisasi
833,reformasi
834,reformasi
835,reformasi
836,pertahanan
837,reformasi
838,pekerjaan
839,ideologi
840,hilirisasi
841,ideologi
842,reformasi
843,reformasi
844,reformasi
845,ideologi
846,ideologi
847,pemerataan
848,pertahanan
849,harmoni
850,sdm
851,reformasi
852,pekerjaan
853,pertahanan
854,reformasi
855,sdm
856,ideologi
857,harmoni
858,pertahanan
859,pekerjaan
860,pemerataan
861,sdm
862,sdm
863,reformasi
864,pertahanan
865,reformasi
866,pekerjaan
867,ideologi
868,sdm
869,sdm
870,reformasi
871,pemerataan
872,reformasi
873,sdm
874,pekerjaan
875,pertahanan
876,sdm
877,pertahanan
878,pemerataan
879,reformasi
880,reformasi
881,reformasi
882,sdm
883,harmoni
884,pekerjaan
885,sdm
886,harmoni
887,pekerjaan
888,reformasi
889,ideologi
890,pertahanan
891,ideologi
892,ideologi
893,sdm
894,pemerataan
895,reformasi
896,sdm
897,ideologi
898,pekerjaan
899,reformasi
900,sdm
901,ideologi
902,sdm
903,hilirisasi
904,reformasi
905,reformasi
906,ideologi
907,reformasi
908,reformasi
909,pekerjaan
910,sdm
911,hilirisasi
912,pertahanan
913,pemerataan
914,ideologi
915,sdm
916,ideologi
917,ideologi
918,pertahanan
919,sdm
920,ideologi
921,ideologi
922,reformasi
923,reformasi
924,sdm
925,pertahanan
926,pekerjaan
927,pemerataan
928,pertahanan
929,pekerjaan
930,harmoni
931,pekerjaan
932,reformasi
933,reformasi
934,ideologi
935,sdm
936,reformasi
937,sdm
938,sdm
939,pekerjaan
940,pertahanan
941,reformasi
942,harmoni
943,sdm
944,pertahanan
945,reformasi
946,ideologi
947,reformasi
948,reformasi
949,reformasi
950,ideologi
951,pekerjaan
952,pertahanan
953,reformasi
954,reformasi
955,harmoni
956,hilirisasi
957,reformasi
958,reformasi
959,hilirisasi
960,pekerjaan
961,reformasi
962,pertahanan
963,sdm
964,sdm
965,ideologi
966,ideologi
967,sdm
968,reformasi
969,reformasi
970,pertahanan
971,ideologi
972,reformasi
973,sdm
974,reformasi
975,reformasi
976,reformasi
977,harmoni
978,sdm
979,reformasi
980,sdm
981,harmoni
982,sdm
983,pertahanan
984,reformasi
985,reformasi
986,ideologi
987,ideologi
988,reformasi
989,pertahanan
990,ideologi
991,reformasi
992,sdm
993,pertahanan
994,ideologi
995,sdm
996,sdm
997,reformasi
998,reformasi
999,pekerjaan
1000,pekerjaan
1001,pertahanan
1002,sdm
1003,pertahanan
1004,reformasi
1005,harmoni
1006,reformasi
1007,reformasi
1008,reformasi
1009,harmoni
1010,reformasi
1011,reformasi
1012,reformasi
1013,pertahanan
1014,reformasi
1015,sdm
1016,reformasi
1017,ideologi
1018,ideologi
1019,pemerataan
1020,pemerataan
1021,ideologi
1022,harmoni
1023,reformasi
1024,reformasi
1025,sdm
1026,pertahanan
1027,hilirisasi
1028,ideologi
1029,reformasi
1030,ideologi
1031,pekerjaan
1032,reformasi
1033,pekerjaan
1034,sdm
1035,pertahanan
1036,reformasi
1037,reformasi
1038,reformasi
1039,ideologi
1040,reformasi
1041,pemerataan
1042,reformasi
1043,pemerataan
1044,ideologi
1045,sdm
1046,pertahanan
1047,pertahanan
1048,harmoni
1049,sdm
1050,reformasi
1051,pertahanan
1052,pemerataan
1053,reformasi
1054,reformasi
1055,harmoni
1056,ideologi
1057,hilirisasi
1058,hilirisasi
1059,ideologi
1060,pertahanan
1061,pertahanan
1062,pertahanan
1063,reformasi
1064,pekerjaan
1065,reformasi
1066,reformasi
1067,pertahanan
1068,reformasi
1069,pertahanan
1070,reformasi
1071,reformasi
1072,reformasi
1073,pertahanan
1074,reformasi
1075,pekerjaan
1076,reformasi
1077,reformasi
1078,sdm
1079,reformasi
1080,harmoni
1081,reformasi
1082,reformasi
1083,pekerjaan
1084,reformasi
1085,sdm
1086,sdm
1087,reformasi
1088,ideologi
1089,ideologi
1090,reformasi
1091,pekerjaan
1092,reformasi
1093,reformasi
1094,reformasi
1095,sdm
1096,reformasi
1097,sdm
1098,pertahanan
1099,reformasi
1100,reformasi
1101,reformasi
1102,pemerataan
1103,pertahanan
1104,reformasi
1105,pertahanan
1106,reformasi
1107,pertahanan
1108,ideologi
1109,pemerataan
1110,reformasi
1111,pertahanan
1112,pertahanan
1113,pertahanan
1114,reformasi
1115,reformasi
1116,pertahanan
1117,pekerjaan
1118,ideologi
1119,ideologi
1120,ideologi
1121,reformasi
1122,sdm
1123,pertahanan
1124,hilirisasi
1125,sdm
1126,sdm
1127,ideologi
1128,reformasi
1129,sdm
1130,sdm
1131,reformasi
1132,reformasi
1133,reformasi
1134,reformasi
1135,ideologi
1136,hilirisasi
1137,reformasi
1138,reformasi
1139,reformasi
1140,reformasi
1141,pemerataan
1142,pertahanan
1143,pertahanan
1144,sdm
1145,reformasi
1146,ideologi
1147,reformasi
1148,hilirisasi
1149,reformasi
1150,pertahanan
1151,pertahanan
1152,pertahanan
1153,hilirisasi
1154,ideologi
1155,sdm
1156,pemerataan
1157,reformasi
1158,pemerataan
1159,reformasi
1160,reformasi
1161,hilirisasi
1162,pekerjaan
1163,reformasi
1164,harmoni
1165,pekerjaan
1166,reformasi
1167,reformasi
1168,ideologi
1169,reformasi
1170,pekerjaan
1171,pertahanan
1172,reformasi
1173,pertahanan
1174,hilirisasi
1175,harmoni
1176,reformasi
1177,pemerataan
1178,sdm
1179,reformasi
1180,ideologi
1181,reformasi
1182,ideologi
1183,reformasi
1184,hilirisasi
1185,hilirisasi
1186,sdm
1187,ideologi
1188,reformasi
1189,harmoni
1190,harmoni
1191,ideologi
1192,reformasi
1193,reformasi
1194,ideologi
1195,ideologi
1196,pemerataan
1197,ideologi
1198,pekerjaan
1199,ideologi
1200,reformasi
1201,reformasi
1202,hilirisasi
1203,sdm
1204,pemerataan
1205,pekerjaan
1206,sdm
1207,reformasi
1208,pertahanan
1209,reformasi
1210,reformasi
1211,hilirisasi
1212,ideologi
1213,reformasi
1214,reformasi
1215,pekerjaan
1216,reformasi
1217,harmoni
1218,pertahanan
1219,ideologi
1220,reformasi
1221,ideologi
1222,pertahanan
1223,ideologi
1224,ideologi
1225,ideologi
1226,pertahanan
1227,sdm
1228,harmoni
1229,ideologi
1230,harmoni
1231,reformasi
1232,ideologi
1233,reformasi
1234,pertahanan
1235,pekerjaan
1236,reformasi
1237,reformasi
1238,ideologi
1239,pemerataan
1240,ideologi
1241,reformasi
1242,reformasi
1243,ideologi
1244,sdm
1245,ideologi
1246,sdm
1247,reformasi
1248,sdm
1249,hilirisasi
1250,pekerjaan
1251,ideologi
1252,pekerjaan
1253,sdm
1254,hilirisasi
1255,harmoni
1256,reformasi
1257,sdm
1258,hilirisasi
1259,hilirisasi
1260,pemerataan
1261,pekerjaan
1262,reformasi
1263,pertahanan
1264,ideologi
1265,ideologi
1266,pertahanan
1267,pertahanan
1268,pertahanan
1269,pertahanan
1270,ideologi
1271,sdm
1272,ideologi
1273,sdm
1274,pemerataan
1275,pertahanan
1276,sdm
1277,reformasi
1278,reformasi
1279,pekerjaan
1280,pertahanan
1281,reformasi
1282,reformasi
1283,reformasi
1284,ideologi
1285,reformasi
1286,reformasi
1287,harmoni
1288,reformasi
1289,reformasi
1290,ideologi
1291,ideologi
1292,sdm
1293,pekerjaan
1294,ideologi
1295,reformasi
1296,pekerjaan
1297,reformasi
1298,sdm
1299,reformasi
1300,pertahanan
1301,reformasi
1302,reformasi
1303,pertahanan
1304,reformasi
1305,reformasi
1306,hilirisasi
1307,ideologi
1308,harmoni
1309,ideologi
1310,pekerjaan
1311,reformasi
1312,sdm
1313,ideologi
1314,reformasi
1315,pertahanan
1316,sdm
1317,pertahanan
1318,pertahanan
1319,hilirisasi
1320,pertahanan
1321,sdm
1322,harmoni
1323,ideologi
1324,ideologi
1325,pertahanan
1326,sdm
1327,pertahanan
1328,pemerataan
1329,ideologi
1330,hilirisasi
1331,reformasi
1332,sdm
1333,sdm
1334,ideologi
1335,sdm
1336,ideologi
1337,ideologi
1338,reformasi
1339,sdm
1340,reformasi
1341,sdm
1342,pekerjaan
1343,reformasi
1344,pertahanan
1345,sdm
1346,sdm
1347,sdm
1348,pertahanan
1349,reformasi
1350,sdm
1351,pemerataan
1352,pemerataan
1353,pertahanan
1354,ideologi
1355,pertahanan
1356,reformasi
1357,pekerjaan
1358,sdm
1359,sdm
1360,reformasi
1361,sdm
1362,reformasi
1363,reformasi
1364,pemerataan
1365,pekerjaan
1366,sdm
1367,reformasi
1368,pemerataan
1369,reformasi
1370,ideologi
1371,reformasi
1372,pertahanan
1373,reformasi
1374,reformasi
1375,pemerataan
1376,ideologi
1377,sdm
1378,pertahanan
1379,ideologi
1380,reformasi
1381,harmoni
1382,reformasi
1383,reformasi
1384,sdm
1385,pekerjaan
1386,sdm
1387,pertahanan
1388,pertahanan
1389,reformasi
1390,pekerjaan
1391,reformasi
1392,sdm
1393,ideologi
1394,pertahanan
1395,hilirisasi
1396,sdm
1397,ideologi
1398,sdm
1399,pertahanan
1400,reformasi
1401,pemerataan
1402,pertahanan
1403,harmoni
1404,reformasi
1405,pertahanan
1406,ideologi
1407,pemerataan
1408,ideologi
1409,pertahanan
1410,ideologi
1411,ideologi
1412,pemerataan
1413,reformasi
1414,sdm
1415,reformasi
1416,reformasi
1417,reformasi
1418,reformasi
1419,ideologi
1420,reformasi
1421,pertahanan
1422,ideologi
1423,reformasi
1424,pertahanan
1425,pertahanan
1426,hilirisasi
1427,reformasi
1428,hilirisasi
1429,sdm
1430,reformasi
1431,pertahanan
1432,reformasi
1433,reformasi
1434,pertahanan
1435,reformasi
1436,pertahanan
1437,reformasi
1438,pertahanan
1439,hilirisasi
1440,sdm
1441,reformasi
1442,reformasi
1443,pertahanan
1444,reformasi
1445,pekerjaan
1446,reformasi
1447,ideologi
1448,pemerataan
1449,pertahanan
1450,sdm
1451,reformasi
1452,reformasi
1453,hilirisasi
1454,pertahanan
1455,pertahanan
1456,pertahanan
1457,ideologi
1458,sdm
1459,pertahanan
1460,pertahanan
1461,reformasi
1462,pekerjaan
1463,sdm
1464,pertahanan
1465,pertahanan
1466,reformasi
1467,pemerataan
1468,pertahanan
1469,reformasi
1470,ideologi
1471,reformasi
1472,reformasi
1473,harmoni
1474,pekerjaan
1475,reformasi
1476,reformasi
1477,ideologi
1478,ideologi
1479,ideologi
1480,reformasi
1481,reformasi
1482,pertahanan
1483,pekerjaan
1484,hilirisasi
1485,ideologi
1486,reformasi
1487,ideologi
1488,pekerjaan
1489,pertahanan
1490,pertahanan
1491,ideologi
1492,reformasi
1493,reformasi
1494,pertahanan
1495,sdm
1496,ideologi
1497,reformasi
1498,ideologi
1499,sdm
1500,reformasi
1501,pekerjaan
1502,pemerataan
1503,harmoni
1504,harmoni
1505,harmoni
1506,hilirisasi
1507,reformasi
1508,reformasi
1509,hilirisasi
1510,ideologi
1511,reformasi
1512,reformasi
1513,reformasi
1514,ideologi
1515,pertahanan
1516,reformasi
1517,pekerjaan
1518,harmoni
1519,sdm
1520,reformasi
1521,ideologi
1522,reformasi
1523,pertahanan
1524,reformasi
1525,reformasi
1526,pertahanan
1527,pertahanan
1528,reformasi
1529,harmoni
1530,reformasi
1531,reformasi
1532,hilirisasi
1533,harmoni
1534,pertahanan
1535,reformasi
1536,sdm
1537,ideologi
1538,sdm
1539,reformasi
1540,pertahanan
1541,harmoni
1542,ideologi
1543,reformasi
1544,hilirisasi
1545,ideologi
1546,reformasi
1547,reformasi
1548,pemerataan
1549,sdm
1550,pemerataan
1551,harmoni
1552,pekerjaan
1553,pertahanan
1554,pertahanan
1555,sdm
1556,sdm
1557,ideologi
1558,reformasi
1559,pertahanan
1560,ideologi
1561,ideologi
1562,pertahanan
1563,pekerjaan
1564,ideologi
1565,pemerataan
1566,reformasi
1567,sdm
1568,reformasi
1569,ideologi
1570,reformasi
1571,pekerjaan
1572,sdm
1573,sdm
1574,reformasi
1575,pekerjaan
1576,ideologi
1577,reformasi
1578,sdm
1579,pemerataan
1580,sdm
1581,sdm
1582,reformasi
1583,pertahanan
1584,pertahanan
1585,hilirisasi
1586,reformasi
1587,reformasi
1588,ideologi
1589,sdm
1590,harmoni
1591,pertahanan
1592,reformasi
1593,reformasi
1594,pekerjaan
1595,sdm
1596,sdm
1597,reformasi
1598,sdm
1599,pertahanan
1600,ideologi
1601,sdm
1602,ideologi
1603,pertahanan
1604,reformasi
1605,sdm
1606,sdm
1607,sdm
1608,pekerjaan
1609,pertahanan
1610,ideologi
1611,pertahanan
1612,reformasi
1613,reformasi
1614,harmoni
1615,reformasi
1616,sdm
1617,reformasi
1618,reformasi
1619,pertahanan
1620,reformasi
1621,harmoni
1622,pertahanan
1623,pertahanan
1624,pertahanan
1625,ideologi
1626,ideologi
1627,ideologi
1628,ideologi
1629,reformasi
1630,pekerjaan
1631,reformasi
1632,pertahanan
1633,reformasi
1634,ideologi
1635,ideologi
1636,hilirisasi
1637,sdm
1638,reformasi
1639,pemerataan
1640,pekerjaan
1641,hilirisasi
1642,reformasi
1643,pertahanan
1644,pertahanan
1645,ideologi
1646,pekerjaan
1647,ideologi
1648,harmoni
1649,reformasi
1650,ideologi
1651,ideologi
1652,ideologi
1653,reformasi
1654,pekerjaan
1655,reformasi
1656,sdm
1657,reformasi
1658,reformasi
1659,sdm
1660,pertahanan
1661,ideologi
1662,ideologi
1663,pertahanan
1664,reformasi
1665,reformasi
1666,pekerjaan
1667,pertahanan
1668,sdm
1669,reformasi
1670,sdm
1671,pemerataan
1672,pekerjaan
1673,sdm
1674,ideologi
1675,pekerjaan
1676,reformasi
1677,pertahanan
1678,pekerjaan
1679,pertahanan
1680,sdm
1681,reformasi
1682,sdm
1683,reformasi
1684,ideologi
1685,pekerjaan
1686,sdm
1687,pertahanan
1688,reformasi
1689,pertahanan
1690,ideologi
1691,reformasi
1692,harmoni
1693,reformasi
1694,pekerjaan
1695,sdm
1696,reformasi
1697,reformasi
1698,pemerataan
1699,reformasi
1700,reformasi
1701,reformasi
1702,ideologi
1703,reformasi
1704,ideologi
1705,harmoni
1706,pemerataan
1707,sdm
1708,pemerataan
1709,reformasi
1710,reformasi
1711,ideologi
1712,pekerjaan
1713,pertahanan
1714,sdm
1715,pertahanan
1716,ideologi
1717,harmoni
1718,reformasi
1719,reformasi
1720,pertahanan
1721,reformasi
1722,ideologi
1723,pekerjaan
1724,reformasi
1725,pekerjaan
1726,hilirisasi
1727,reformasi
1728,pertahanan
1729,reformasi
1730,reformasi
1731,harmoni
1732,harmoni
1733,reformasi
1734,reformasi
1735,reformasi
1736,harmoni
1737,ideologi
1738,reformasi
1739,sdm
1740,reformasi
1741,ideologi
1742,ideologi
1743,hilirisasi
1744,reformasi
1745,reformasi
1746,reformasi
1747,reformasi
1748,pekerjaan
1749,ideologi
1750,ideologi
1751,reformasi
1752,pertahanan
1753,reformasi
1754,pekerjaan
1755,sdm
1756,reformasi
1757,pertahanan
1758,harmoni
1759,reformasi
1760,sdm
1761,pekerjaan
1762,reformasi
1763,sdm
1764,pertahanan
1765,pertahanan
1766,pertahanan
1767,reformasi
1768,pemerataan
1769,ideologi
1770,pertahanan
1771,harmoni
1772,ideologi
1773,reformasi
1774,sdm
1775,sdm
1776,reformasi
1777,pemerataan
1778,reformasi
1779,pertahanan
1780,reformasi
1781,sdm
1782,reformasi
1783,ideologi
1784,pekerjaan
1785,sdm
1786,reformasi
1787,pemerataan
1788,reformasi
1789,pekerjaan
1790,ideologi
1791,pekerjaan
1792,ideologi
1793,pekerjaan
1794,pekerjaan
1795,pertahanan
1796,pertahanan
1797,reformasi
1798,reformasi
1799,pertahanan
1800,reformasi
1801,reformasi
1802,ideologi
1803,ideologi
1804,pertahanan
1805,reformasi
1806,hilirisasi
1807,sdm
1808,sdm
1809,reformasi
1810,reformasi
1811,sdm
1812,sdm
1813,pertahanan
1814,reformasi
1815,pertahanan
1816,reformasi
1817,pekerjaan
1818,ideologi
1819,ideologi
1820,reformasi
1821,harmoni
1822,pekerjaan
1823,ideologi
1824,reformasi
1825,reformasi
1826,sdm
1827,reformasi
1828,pertahanan
1829,hilirisasi
1830,reformasi
1831,sdm
1832,reformasi
1833,ideologi
1834,reformasi
1835,reformasi
1836,harmoni
1837,pemerataan
1838,pekerjaan
1839,sdm
1840,pekerjaan
1841,sdm
1842,pertahanan
1843,sdm
1844,reformasi
1845,reformasi
1846,ideologi
1847,pekerjaan
1848,sdm
1849,reformasi
1850,sdm
1851,sdm
1852,pekerjaan
1853,ideologi
1854,ideologi
1855,reformasi
1856,pertahanan
1857,reformasi
1858,ideologi
1859,reformasi
1860,reformasi
1861,pertahanan
1862,reformasi
1863,pertahanan
1864,pertahanan
1865,pekerjaan
1866,reformasi
1867,sdm
1868,reformasi
1869,ideologi
1870,reformasi
1871,hilirisasi
1872,reformasi
1873,sdm
1874,pekerjaan
1875,sdm
1876,reformasi
1877,hilirisasi
1878,reformasi
1879,sdm
1880,harmoni
1881,pekerjaan
1882,ideologi
1883,pertahanan
1884,pertahanan
1885,ideologi
1886,reformasi
1887,ideologi
1888,reformasi
1889,pertahanan
1890,reformasi
1891,pemerataan
1892,reformasi
1893,pekerjaan
1894,sdm
1895,sdm
1896,ideologi
1897,ideologi
1898,ideologi
1899,reformasi
1900,reformasi
1901,harmoni
1902,pertahanan
1903,pertahanan
1904,reformasi
1905,sdm
1906,reformasi
1907,reformasi
1908,ideologi
1909,pertahanan
1910,hilirisasi
1911,reformasi
1912,ideologi
1913,ideologi
1914,reformasi
1915,pertahanan
1916,sdm
1917,pertahanan
1918,ideologi
1919,hilirisasi
1920,sdm
1921,sdm
1922,ideologi
1923,reformasi
1924,pekerjaan
1925,pekerjaan
1926,pertahanan
1927,pemerataan
1928,sdm
1929,reformasi
1930,harmoni
1931,harmoni
1932,reformasi
1933,harmoni
1934,reformasi
1935,sdm
1936,pekerjaan
1937,sdm
1938,reformasi
1939,sdm
1940,reformasi
1941,reformasi
1942,ideologi
1943,reformasi
1944,ideologi
1945,reformasi
1946,pekerjaan
1947,ideologi
1948,harmoni
1949,reformasi
1950,pertahanan
1951,hilirisasi
1952,sdm
1953,harmoni
1954,ideologi
1955,sdm
1956,reformasi
1957,sdm
1958,pertahanan
1959,reformasi
1960,pertahanan
1961,ideologi
1962,harmoni
1963,pertahanan
1964,reformasi
1965,ideologi
1966,pertahanan
1967,pertahanan
1968,pekerjaan
1969,pekerjaan
1970,reformasi
1971,pekerjaan
1972,pekerjaan
1973,sdm
1974,pemerataan
1975,ideologi
1976,pekerjaan
1977,pertahanan
1978,ideologi
1979,pertahanan
1980,reformasi
1981,reformasi
1982,pekerjaan
1983,reformasi
1984,reformasi
1985,sdm
1986,ideologi
1987,harmoni
1988,reformasi
1989,reformasi
1990,pekerjaan
1991,reformasi
1992,harmoni
1993,reformasi
1994,reformasi
1995,reformasi
1996,reformasi
1997,ideologi
1998,reformasi
1999,reformasi
2000,reformasi
2001,sdm
2002,reformasi
2003,pertahanan
2004,pemerataan
2005,sdm
2006,sdm
2007,reformasi
2008,reformasi
2009,pertahanan
2010,pemerataan
2011,reformasi
2012,pertahanan
2013,ideologi
2014,reformasi
2015,sdm
2016,pekerjaan
2017,sdm
2018,hilirisasi
2019,ideologi
2020,pekerjaan
2021,sdm
2022,hilirisasi
2023,ideologi
2024,hilirisasi
2025,sdm
2026,ideologi
2027,reformasi
2028,pekerjaan
2029,pekerjaan
2030,reformasi
2031,reformasi
2032,reformasi
2033,pertahanan
2034,pertahanan
2035,pertahanan
2036,reformasi
2037,sdm
2038,harmoni
2039,hilirisasi
2040,reformasi
2041,reformasi
2042,sdm
2043,pertahanan
2044,pertahanan
2045,reformasi
2046,reformasi
2047,sdm
2048,pekerjaan
2049,pekerjaan
2050,pekerjaan
2051,reformasi
2052,reformasi
2053,ideologi
2054,ideologi
2055,pekerjaan
2056,reformasi
2057,pemerataan
2058,sdm
2059,pertahanan
2060,hilirisasi
2061,sdm
2062,sdm
2063,sdm
2064,harmoni
2065,pertahanan
2066,sdm
2067,sdm
2068,pertahanan
2069,ideologi
2070,pekerjaan
2071,ideologi
2072,harmoni
2073,ideologi
2074,pertahanan
2075,ideologi
2076,reformasi
2077,sdm
2078,pemerataan
2079,ideologi
2080,ideologi
2081,pertahanan
2082,pemerataan
2083,ideologi
2084,ideologi
2085,pekerjaan
2086,pertahanan
2087,hilirisasi
2088,pertahanan
2089,ideologi
2090,reformasi
2091,pertahanan
2092,pertahanan
2093,pertahanan
2094,ideologi
2095,reformasi
2096,reformasi
2097,hilirisasi
2098,reformasi
2099,sdm
2100,sdm
2101,ideologi
2102,pertahanan
2103,pekerjaan
2104,reformasi
2105,reformasi
2106,harmoni
2107,pekerjaan
2108,pemerataan
2109,sdm
2110,sdm
2111,reformasi
2112,pekerjaan
2113,pekerjaan
2114,ideologi
2115,reformasi
2116,reformasi
2117,reformasi
2118,reformasi
2119,sdm
2120,ideologi
2121,pekerjaan
2122,harmoni
2123,reformasi
2124,sdm
2125,reformasi
2126,ideologi
2127,reformasi
2128,reformasi
2129,hilirisasi
2130,sdm
2131,hilirisasi
2132,ideologi
2133,sdm
2134,pemerataan
2135,ideologi
2136,pertahanan
2137,reformasi
2138,sdm
2139,sdm
2140,pekerjaan
2141,pertahanan
2142,reformasi
2143,ideologi
2144,ideologi
2145,pertahanan
2146,reformasi
2147,pemerataan
2148,ideologi
2149,pekerjaan
2150,reformasi
2151,pertahanan
2152,pemerataan
2153,sdm
2154,ideologi
2155,sdm
2156,pemerataan
2157,reformasi
2158,pertahanan
2159,pertahanan
2160,reformasi
2161,harmoni
2162,reformasi
2163,sdm
2164,reformasi
2165,reformasi
2166,sdm
2167,sdm
2168,hilirisasi
2169,pertahanan
2170,sdm
2171,sdm
2172,pemerataan
2173,ideologi
2174,reformasi
2175,sdm
2176,reformasi
2177,pemerataan
2178,ideologi
2179,sdm
2180,pertahanan
2181,reformasi
2182,reformasi
2183,sdm
2184,reformasi
2185,ideologi
2186,pertahanan
2187,sdm
2188,pertahanan
2189,sdm
2190,ideologi
2191,ideologi
2192,ideologi
2193,pemerataan
2194,reformasi
2195,hilirisasi
2196,sdm
2197,sdm
2198,reformasi
2199,reformasi
2200,reformasi
2201,reformasi
2202,pertahanan
2203,ideologi
2204,ideologi
2205,pekerjaan
2206,harmoni
2207,harmoni
2208,reformasi
2209,ideologi
2210,reformasi
2211,ideologi
2212,pemerataan
2213,sdm
2214,ideologi
2215,reformasi
2216,pekerjaan
2217,reformasi
2218,pertahanan
2219,pekerjaan
2220,sdm
2221,pertahanan
2222,reformasi
2223,ideologi
2224,harmoni
2225,reformasi
2226,pertahanan
2227,hilirisasi
2228,reformasi
2229,reformasi
2230,reformasi
2231,pekerjaan
2232,reformasi
2233,sdm
2234,ideologi
2235,sdm
2236,hilirisasi
2237,pertahanan
2238,ideologi
2239,reformasi
2240,ideologi
2241,reformasi
2242,reformasi
2243,reformasi
2244,reformasi
2245,ideologi
2246,sdm
2247,harmoni
2248,pekerjaan
2249,pertahanan
2250,ideologi
2251,ideologi
2252,sdm
2253,reformasi
2254,reformasi
2255,reformasi
2256,pertahanan
2257,ideologi
2258,pertahanan
2259,reformasi
2260,harmoni
2261,pekerjaan
2262,hilirisasi
2263,ideologi
2264,sdm
2265,pertahanan
2266,sdm
2267,reformasi
2268,sdm
2269,pertahanan
2270,pemerataan
2271,hilirisasi
2272,reformasi
2273,ideologi
2274,reformasi
2275,pertahanan
2276,ideologi
2277,pekerjaan
2278,hilirisasi
2279,reformasi
2280,reformasi
2281,ideologi
2282,pertahanan
2283,sdm
2284,ideologi
2285,reformasi
2286,reformasi
2287,pertahanan
2288,reformasi
2289,pertahanan
2290,reformasi
2291,ideologi
2292,ideologi
2293,pertahanan
2294,pertahanan
2295,ideologi
2296,sdm
2297,sdm
2298,harmoni
2299,reformasi
2300,sdm
2301,sdm
2302,ideologi
2303,ideologi
2304,pertahanan
2305,ideologi
2306,pekerjaan
2307,ideologi
2308,pertahanan
2309,reformasi
2310,pekerjaan
2311,sdm
2312,reformasi
2313,reformasi
2314,ideologi
2315,reformasi
2316,ideologi
2317,pertahanan
2318,ideologi
2319,reformasi
2320,hilirisasi
2321,hilirisasi
2322,hilirisasi
2323,sdm
2324,reformasi
2325,ideologi
2326,sdm
2327,pekerjaan
2328,pertahanan
2329,reformasi
2330,ideologi
2331,pekerjaan
2332,reformasi
2333,ideologi
2334,ideologi
2335,pekerjaan
2336,sdm
2337,pertahanan
2338,hilirisasi
2339,reformasi
2340,pertahanan
2341,ideologi
2342,ideologi
2343,pertahanan
2344,sdm
2345,pertahanan
2346,ideologi
2347,hilirisasi
2348,pertahanan
2349,pertahanan
2350,sdm
2351,sdm
2352,sdm
2353,ideologi
2354,ideologi
2355,reformasi
2356,reformasi
2357,reformasi
2358,pertahanan
2359,sdm
2360,reformasi
2361,sdm
2362,sdm
2363,sdm
2364,reformasi
2365,reformasi
2366,pertahanan
2367,pertahanan
2368,reformasi
2369,ideologi
2370,pertahanan
2371,harmoni
2372,reformasi
2373,pertahanan
2374,sdm
2375,reformasi
2376,reformasi
2377,pekerjaan
2378,sdm
2379,reformasi
2380,reformasi
2381,sdm
2382,pertahanan
2383,sdm
2384,reformasi
2385,harmoni
2386,pertahanan
2387,reformasi
2388,reformasi
2389,harmoni
2390,pertahanan
2391,sdm
2392,ideologi
2393,reformasi
2394,reformasi
2395,sdm
2396,pertahanan
2397,reformasi
2398,reformasi
2399,hilirisasi
2400,reformasi
2401,reformasi
2402,reformasi
2403,sdm
2404,sdm
2405,pekerjaan
2406,pertahanan
2407,ideologi
2408,reformasi
2409,reformasi
2410,pertahanan
2411,harmoni
2412,pertahanan
2413,reformasi
2414,pertahanan
2415,ideologi
2416,pertahanan
2417,sdm
2418,reformasi
2419,pekerjaan
2420,reformasi
2421,pertahanan
2422,pertahanan
2423,harmoni
2424,reformasi
2425,reformasi
2426,reformasi
2427,reformasi
2428,ideologi
2429,sdm
2430,pemerataan
2431,reformasi
2432,reformasi
2433,pertahanan
2434,pekerjaan
2435,reformasi
2436,reformasi
2437,ideologi
2438,sdm
2439,pertahanan
2440,pekerjaan
2441,ideologi
2442,ideologi
2443,pertahanan
2444,pekerjaan
2445,sdm
2446,pertahanan
2447,reformasi
2448,harmoni
2449,pemerataan
2450,reformasi
2451,harmoni
2452,sdm
2453,reformasi
2454,pertahanan
2455,pertahanan
2456,reformasi
2457,pemerataan
2458,sdm
2459,reformasi
2460,ideologi
2461,pertahanan
2462,reformasi
2463,sdm
2464,pertahanan
2465,reformasi
2466,pemerataan
2467,ideologi
2468,reformasi
2469,pertahanan
2470,sdm
2471,reformasi
2472,reformasi
2473,reformasi
2474,pertahanan
2475,sdm
2476,pekerjaan
2477,ideologi
2478,sdm
2479,sdm
2480,harmoni
2481,sdm
2482,sdm
2483,ideologi
2484,ideologi
2485,sdm
2486,ideologi
2487,ideologi
2488,ideologi
2489,sdm
2490,sdm
2491,ideologi
2492,sdm
2493,ideologi
2494,ideologi
2495,ideologi
2496,pekerjaan
2497,sdm
2498,ideologi
2499,sdm
2500,ideologi
2501,ideologi
2502,pertahanan
2503,sdm
2504,reformasi
2505,sdm
2506,sdm
2507,reformasi
2508,harmoni
2509,ideologi
2510,sdm
2511,sdm
2512,sdm
2513,ideologi
2514,pemerataan
2515,ideologi
2516,reformasi
2517,sdm
2518,sdm
2519,ideologi
2520,ideologi
2521,reformasi
2522,sdm
2523,sdm
2524,sdm
2525,sdm
2526,sdm
2527,sdm
2528,ideologi
2529,ideologi
2530,ideologi
2531,sdm
2532,sdm
2533,ideologi
2534,ideologi
2535,sdm
2536,ideologi
2537,ideologi
2538,ideologi
2539,ideologi
2540,ideologi
2541,ideologi
2542,ideologi
2543,ideologi
2544,sdm
2545,ideologi
2546,pemerataan
2547,ideologi
2548,ideologi
2549,pertahanan
2550,ideologi
2551,ideologi
2552,reformasi
2553,sdm
2554,ideologi
2555,reformasi
2556,ideologi
2557,ideologi
2558,sdm
2559,sdm
2560,ideologi
2561,ideologi
2562,ideologi
2563,sdm
2564,ideologi
2565,reformasi
2566,ideologi
2567,reformasi
2568,ideologi
2569,ideologi
2570,sdm
2571,harmoni
2572,sdm
2573,sdm
2574,ideologi
2575,sdm
2576,sdm
2577,sdm
2578,sdm
2579,ideologi
2580,sdm
2581,ideologi
2582,ideologi
2583,sdm
2584,sdm
2585,ideologi
2586,sdm
2587,sdm
2588,ideologi
2589,sdm
2590,reformasi
2591,pertahanan
2592,ideologi
2593,ideologi
2594,sdm
2595,sdm
2596,ideologi
2597,reformasi
2598,sdm
2599,sdm
2600,sdm
2601,sdm
2602,ideologi
2603,sdm
2604,ideologi
2605,ideologi
2606,sdm
2607,sdm
2608,ideologi
2609,sdm
2610,ideologi
2611,ideologi
2612,pekerjaan
2613,sdm
2614,ideologi
2615,ideologi
2616,sdm
2617,ideologi
2618,sdm
2619,ideologi
2620,pekerjaan
2621,ideologi
2622,ideologi
2623,ideologi
2624,sdm
2625,reformasi
2626,harmoni
2627,ideologi
2628,ideologi
2629,pekerjaan
2630,harmoni
2631,sdm
2632,sdm
2633,sdm
2634,reformasi
2635,ideologi
2636,ideologi
2637,ideologi
2638,ideologi
2639,sdm
2640,ideologi
2641,reformasi
2642,sdm
2643,sdm
2644,reformasi
2645,ideologi
2646,sdm
2647,ideologi
2648,sdm
2649,sdm
2650,ideologi
2651,sdm
2652,sdm
2653,ideologi
2654,ideologi
2655,pemerataan
2656,pekerjaan
2657,harmoni
2658,pekerjaan
2659,ideologi
2660,ideologi
2661,sdm
2662,ideologi
2663,sdm
2664,sdm
2665,sdm
2666,ideologi
2667,sdm
2668,ideologi
2669,sdm
2670,sdm
2671,ideologi
2672,ideologi
2673,ideologi
2674,ideologi
2675,ideologi
2676,ideologi
2677,sdm
2678,sdm
2679,sdm
2680,sdm
2681,sdm
2682,sdm
2683,pertahanan
2684,ideologi
2685,sdm
2686,pertahanan
2687,pertahanan
2688,harmoni
2689,sdm
2690,sdm
2691,sdm
2692,sdm
2693,sdm
2694,pemerataan
2695,sdm
2696,sdm
2697,sdm
2698,sdm
2699,reformasi
2700,sdm
2701,reformasi
2702,sdm
2703,sdm
2704,sdm
2705,sdm
2706,pekerjaan
2707,sdm
2708,sdm
2709,harmoni
2710,sdm
2711,pertahanan
2712,pekerjaan
2713,sdm
2714,sdm
2715,sdm
2716,sdm
2717,pekerjaan
2718,sdm
2719,sdm
2720,pertahanan
2721,sdm
2722,pertahanan
2723,pekerjaan
2724,sdm
2725,sdm
2726,sdm
2727,pemerataan
2728,sdm
2729,pertahanan
2730,sdm
2731,sdm
2732,sdm
2733,sdm
2734,hilirisasi
2735,harmoni
2736,sdm
2737,sdm
2738,sdm
2739,pertahanan
2740,pertahanan
2741,pekerjaan
2742,pertahanan
2743,pekerjaan
2744,sdm
2745,sdm
2746,sdm
2747,sdm
2748,sdm
2749,sdm
2750,sdm
2751,sdm
2752,sdm
2753,sdm
2754,pertahanan
2755,sdm
2756,reformasi
2757,sdm
2758,sdm
2759,sdm
2760,sdm
2761,sdm
2762,sdm
2763,sdm
2764,sdm
2765,sdm
2766,sdm
2767,sdm
2768,sdm
2769,sdm
2770,sdm
2771,sdm
2772,hilirisasi
2773,ideologi
2774,sdm
2775,sdm
2776,sdm
2777,pertahanan
2778,sdm
2779,sdm
2780,ideologi
2781,pertahanan
2782,sdm
2783,sdm
2784,pertahanan
2785,sdm
2786,sdm
2787,pertahanan
2788,pertahanan
2789,ideologi
2790,pertahanan
2791,sdm
2792,sdm
2793,sdm
2794,sdm
2795,pekerjaan
2796,sdm
2797,sdm
2798,sdm
2799,sdm
2800,sdm
2801,pekerjaan
2802,sdm
2803,sdm
2804,pekerjaan
2805,sdm
2806,sdm
2807,sdm
2808,sdm
2809,sdm
2810,pekerjaan
2811,sdm
2812,sdm
2813,sdm
2814,sdm
2815,sdm
2816,reformasi
2817,sdm
2818,sdm
2819,sdm
2820,sdm
2821,sdm
2822,reformasi
2823,pertahanan
2824,reformasi
2825,sdm
2826,sdm
2827,harmoni
2828,sdm
2829,harmoni
2830,sdm
2831,sdm
2832,reformasi
2833,sdm
2834,sdm
2835,sdm
2836,sdm
2837,sdm
2838,sdm
2839,sdm
2840,sdm
2841,sdm
2842,sdm
2843,sdm
2844,harmoni
2845,sdm
2846,sdm
2847,pekerjaan
2848,sdm
2849,sdm
2850,sdm
2851,sdm
2852,sdm
2853,sdm
2854,harmoni
2855,sdm
2856,sdm
2857,sdm
2858,sdm
2859,pertahanan
2860,sdm
2861,reformasi
2862,sdm
2863,sdm
2864,sdm
2865,sdm
2866,hilirisasi
2867,sdm
2868,pertahanan
2869,sdm
2870,sdm
2871,sdm
2872,sdm
2873,sdm
2874,sdm
2875,pertahanan
2876,sdm
2877,sdm
2878,sdm
2879,sdm
2880,sdm
2881,sdm
2882,sdm
2883,sdm
2884,sdm
2885,sdm
2886,pekerjaan
2887,sdm
2888,sdm
2889,pertahanan
2890,pekerjaan
2891,sdm
2892,sdm
2893,pertahanan
2894,sdm
2895,pekerjaan
2896,pertahanan
2897,sdm
2898,sdm
2899,pekerjaan
2900,sdm
2901,pertahanan
2902,sdm
2903,pekerjaan
2904,sdm
2905,sdm
2906,sdm
2907,sdm
2908,sdm
2909,harmoni
2910,sdm
2911,sdm
2912,pertahanan
2913,sdm
2914,pekerjaan
2915,sdm
2916,harmoni
2917,sdm
2918,sdm
2919,hilirisasi
2920,sdm
2921,hilirisasi
2922,sdm
2923,sdm
2924,sdm
2925,pekerjaan
2926,sdm
2927,sdm
2928,sdm
2929,sdm
2930,sdm
2931,pekerjaan
2932,sdm
2933,pekerjaan
2934,sdm
2935,sdm
2936,sdm
2937,sdm
2938,sdm
2939,sdm
2940,pertahanan
2941,sdm
2942,hilirisasi
2943,sdm
2944,sdm
2945,pertahanan
2946,sdm
2947,reformasi
2948,sdm
2949,sdm
2950,pertahanan
2951,sdm
2952,sdm
2953,sdm
2954,sdm
2955,reformasi
2956,pemerataan
2957,pertahanan
2958,harmoni
2959,sdm
2960,pertahanan
2961,sdm
2962,reformasi
2963,sdm
2964,sdm
2965,pekerjaan
2966,pertahanan
2967,pertahanan
2968,sdm
2969,pemerataan
2970,pekerjaan
2971,pekerjaan
2972,sdm
2973,sdm
2974,sdm
2975,sdm
2976,ideologi
2977,sdm
2978,sdm
2979,sdm
2980,sdm
2981,sdm
2982,sdm
2983,sdm
2984,sdm
2985,sdm
2986,pekerjaan
2987,sdm
2988,pemerataan
2989,harmoni
2990,hilirisasi
2991,sdm
2992,sdm
2993,sdm
2994,pertahanan
2995,sdm
2996,sdm
2997,sdm
2998,sdm
2999,sdm
3000,reformasi
3001,sdm
3002,sdm
3003,sdm
3004,sdm
3005,sdm
3006,sdm
3007,sdm
3008,sdm
3009,sdm
3010,sdm
3011,sdm
3012,hilirisasi
3013,hilirisasi
3014,sdm
3015,reformasi
3016,sdm
3017,sdm
3018,sdm
3019,sdm
3020,reformasi
3021,sdm
3022,sdm
3023,sdm
3024,sdm
3025,sdm
3026,pertahanan
3027,sdm
3028,sdm
3029,sdm
3030,sdm
3031,sdm
3032,sdm
3033,sdm
3034,reformasi
3035,pertahanan
3036,sdm
3037,reformasi
3038,reformasi
3039,pertahanan
3040,sdm
3041,pertahanan
3042,sdm
3043,sdm
3044,sdm
3045,pekerjaan
3046,sdm
3047,sdm
3048,sdm
3049,ideologi
3050,sdm
3051,sdm
3052,sdm
3053,sdm
3054,pertahanan
3055,sdm
3056,sdm
3057,sdm
3058,sdm
3059,sdm
3060,sdm
3061,sdm
3062,sdm
3063,ideologi
3064,reformasi
3065,sdm
3066,sdm
3067,pekerjaan
3068,reformasi
3069,pertahanan
3070,pekerjaan
3071,pertahanan
3072,sdm
3073,sdm
3074,sdm
3075,pekerjaan
3076,sdm
3077,sdm
3078,sdm
3079,pertahanan
3080,pertahanan
3081,hilirisasi
3082,pertahanan
3083,pertahanan
3084,pertahanan
3085,pertahanan
3086,pertahanan
3087,pertahanan
3088,pertahanan
3089,pertahanan
3090,pertahanan
3091,pertahanan
3092,pertahanan
3093,pertahanan
3094,pertahanan
3095,pertahanan
3096,pertahanan
3097,pertahanan
3098,pertahanan
3099,pertahanan
3100,pertahanan
3101,pertahanan
3102,pertahanan
3103,pertahanan
3104,pertahanan
3105,pertahanan
3106,pertahanan
3107,pertahanan
3108,pertahanan
3109,pertahanan
3110,pertahanan
3111,pertahanan
3112,pertahanan
3113,pertahanan
3114,pemerataan
3115,pertahanan
3116,pertahanan
3117,pertahanan
3118,pertahanan
3119,pertahanan
3120,pertahanan
3121,pertahanan
3122,pertahanan
3123,pertahanan
3124,pertahanan
3125,pertahanan
3126,pertahanan
3127,pertahanan
3128,pertahanan
3129,pertahanan
3130,pertahanan
3131,pertahanan
3132,pertahanan
3133,pertahanan
3134,pertahanan
3135,harmoni
3136,pertahanan
3137,pertahanan
3138,pertahanan
3139,pertahanan
3140,pertahanan
3141,pertahanan
3142,hilirisasi
3143,pertahanan
3144,pertahanan
3145,pertahanan
3146,pertahanan
3147,pertahanan
3148,ideologi
3149,pertahanan
3150,pertahanan
3151,pertahanan
3152,pertahanan
3153,pertahanan
3154,pertahanan
3155,pertahanan
3156,hilirisasi
3157,pertahanan
3158,pertahanan
3159,pertahanan
3160,pertahanan
3161,pertahanan
3162,pertahanan
3163,pertahanan
3164,pertahanan
3165,pertahanan
3166,pertahanan
3167,pertahanan
3168,pertahanan
3169,pertahanan
3170,sdm
3171,pekerjaan
3172,pertahanan
3173,pertahanan
3174,sdm
3175,pertahanan
3176,pekerjaan
3177,pekerjaan
3178,pekerjaan
3179,pekerjaan
3180,pertahanan
3181,pekerjaan
3182,pertahanan
3183,pertahanan
3184,pertahanan
3185,sdm
3186,pekerjaan
3187,pekerjaan
3188,sdm
3189,reformasi
3190,pekerjaan
3191,harmoni
3192,pertahanan
3193,pertahanan
3194,pertahanan
3195,pekerjaan
3196,pekerjaan
3197,pertahanan
3198,pekerjaan
3199,pekerjaan
3200,pertahanan
3201,pertahanan
3202,pertahanan
3203,pertahanan
3204,pertahanan
3205,pertahanan
3206,pemerataan
3207,pertahanan
3208,pertahanan
3209,pertahanan
3210,sdm
3211,pertahanan
3212,pertahanan
3213,pertahanan
3214,ideologi
3215,sdm
3216,pertahanan
3217,ideologi
3218,reformasi
3219,pertahanan
3220,pertahanan
3221,pertahanan
3222,pertahanan
3223,pertahanan
3224,pertahanan
3225,pertahanan
3226,pertahanan
3227,pertahanan
3228,pertahanan
3229,pertahanan
3230,pertahanan
3231,pertahanan
3232,pertahanan
3233,pertahanan
3234,pertahanan
3235,pertahanan
3236,pertahanan
3237,pertahanan
3238,pertahanan
3239,pertahanan
3240,pertahanan
3241,pertahanan
3242,pertahanan
3243,pertahanan
3244,pertahanan
3245,pertahanan
3246,pertahanan
3247,pertahanan
3248,ideologi
3249,pertahanan
3250,pertahanan
3251,pertahanan
3252,pertahanan
3253,pertahanan
3254,pertahanan
3255,pertahanan
3256,pertahanan
3257,pertahanan
3258,pertahanan
3259,pertahanan
3260,pertahanan
3261,pertahanan
3262,pertahanan
3263,sdm
3264,pertahanan
3265,pertahanan
3266,pertahanan
3267,pertahanan
3268,pertahanan
3269,pertahanan
3270,pertahanan
3271,pertahanan
3272,pertahanan
3273,pertahanan
3274,pertahanan
3275,pertahanan
3276,pertahanan
3277,pertahanan
3278,harmoni
3279,pertahanan
3280,pertahanan
3281,pertahanan
3282,pertahanan
3283,pertahanan
3284,pertahanan
3285,pertahanan
3286,pertahanan
3287,pertahanan
3288,pemerataan
3289,reformasi
3290,ideologi
3291,pekerjaan
3292,sdm
3293,reformasi
3294,sdm
3295,pemerataan
3296,reformasi
3297,pertahanan
3298,reformasi
3299,reformasi
3300,reformasi
3301,sdm
3302,reformasi
3303,pertahanan
3304,sdm
3305,reformasi
3306,pertahanan
3307,pertahanan
3308,reformasi
3309,pekerjaan
3310,pertahanan
3311,pertahanan
3312,pertahanan
3313,sdm
3314,pekerjaan
3315,pekerjaan
3316,pekerjaan
3317,pekerjaan
3318,reformasi
3319,reformasi
3320,reformasi
3321,pertahanan
3322,pertahanan
3323,pertahanan
3324,pertahanan
3325,pertahanan
3326,pertahanan
3327,pertahanan
3328,pertahanan
3329,pertahanan
3330,pertahanan
3331,pertahanan
3332,pertahanan
3333,pertahanan
3334,pertahanan
3335,pertahanan
3336,pertahanan
3337,pertahanan
3338,pertahanan
3339,pertahanan
3340,pertahanan
3341,pertahanan
3342,pertahanan
3343,pertahanan
3344,pertahanan
3345,pertahanan
3346,pertahanan
3347,pertahanan
3348,pertahanan
3349,pertahanan
3350,pertahanan
3351,pertahanan
3352,pertahanan
3353,pertahanan
3354,pertahanan
3355,pertahanan
3356,pertahanan
3357,pertahanan
3358,pertahanan
3359,pertahanan
3360,pertahanan
3361,pertahanan
3362,pertahanan
3363,pertahanan
3364,sdm
3365,pertahanan
3366,pertahanan
3367,pertahanan
3368,pertahanan
3369,pertahanan
3370,pertahanan
3371,pertahanan
3372,pertahanan
3373,pertahanan
3374,pertahanan
3375,pertahanan
3376,pertahanan
3377,pertahanan
3378,pertahanan
3379,pertahanan
3380,pertahanan
3381,pertahanan
3382,pertahanan
3383,sdm
3384,pertahanan
3385,pertahanan
3386,pertahanan
3387,pertahanan
3388,pertahanan
3389,pertahanan
3390,pertahanan
3391,pertahanan
3392,pertahanan
3393,pertahanan
3394,pertahanan
3395,pertahanan
3396,pertahanan
3397,pertahanan
3398,pertahanan
3399,pertahanan
3400,pertahanan
3401,pertahanan
3402,pertahanan
3403,pertahanan
3404,pertahanan
3405,pertahanan
3406,pertahanan
3407,pertahanan
3408,pertahanan
3409,pertahanan
3410,pertahanan
3411,pertahanan
3412,pertahanan
3413,pertahanan
3414,pertahanan
3415,pertahanan
3416,pertahanan
3417,pertahanan
3418,pertahanan
3419,pertahanan
3420,pertahanan
3421,pertahanan
3422,pertahanan
3423,pertahanan
3424,pertahanan
3425,pertahanan
3426,pertahanan
3427,pertahanan
3428,pertahanan
3429,pertahanan
3430,pertahanan
3431,pertahanan
3432,pertahanan
3433,pertahanan
3434,pertahanan
3435,pertahanan
3436,pertahanan
3437,pertahanan
3438,pertahanan
3439,pertahanan
3440,pertahanan
3441,pertahanan
3442,pertahanan
3443,pertahanan
3444,pertahanan
3445,pertahanan
3446,pertahanan
3447,pertahanan
3448,pertahanan
3449,pertahanan
3450,pertahanan
3451,pertahanan
3452,pertahanan
3453,pertahanan
3454,pertahanan
3455,pertahanan
3456,pertahanan
3457,pertahanan
3458,pertahanan
3459,pertahanan
3460,pertahanan
3461,pertahanan
3462,pertahanan
3463,pertahanan
3464,pertahanan
3465,pertahanan
3466,pertahanan
3467,pertahanan
3468,pertahanan
3469,pertahanan
3470,pertahanan
3471,pertahanan
3472,pertahanan
3473,pertahanan
3474,pertahanan
3475,pertahanan
3476,pertahanan
3477,pertahanan
3478,pertahanan
3479,pertahanan
3480,pertahanan
3481,pertahanan
3482,pertahanan
3483,pertahanan
3484,pertahanan
3485,pertahanan
3486,pertahanan
3487,pertahanan
3488,pertahanan
3489,pertahanan
3490,pertahanan
3491,pertahanan
3492,pertahanan
3493,pertahanan
3494,pertahanan
3495,pertahanan
3496,pertahanan
3497,pertahanan
3498,pertahanan
3499,pertahanan
3500,pertahanan
3501,pertahanan
3502,pertahanan
3503,pertahanan
3504,pertahanan
3505,pertahanan
3506,pertahanan
3507,pertahanan
3508,pertahanan
3509,pertahanan
3510,hilirisasi
3511,pertahanan
3512,pertahanan
3513,pertahanan
3514,pertahanan
3515,pertahanan
3516,pertahanan
3517,pertahanan
3518,pertahanan
3519,pertahanan
3520,pertahanan
3521,pertahanan
3522,pertahanan
3523,pertahanan
3524,pertahanan
3525,pertahanan
3526,pertahanan
3527,pertahanan
3528,pertahanan
3529,pertahanan
3530,pertahanan
3531,pertahanan
3532,pertahanan
3533,pertahanan
3534,pertahanan
3535,pertahanan
3536,pertahanan
3537,pertahanan
3538,pertahanan
3539,pertahanan
3540,pertahanan
3541,pertahanan
3542,pertahanan
3543,pertahanan
3544,pertahanan
3545,pertahanan
3546,pertahanan
3547,pertahanan
3548,pertahanan
3549,pertahanan
3550,pertahanan
3551,pertahanan
3552,pertahanan
3553,pertahanan
3554,pertahanan
3555,pertahanan
3556,pertahanan
3557,pertahanan
3558,pertahanan
3559,pertahanan
3560,pertahanan
3561,pertahanan
3562,pertahanan
3563,pertahanan
3564,pertahanan
3565,pertahanan
3566,pertahanan
3567,pertahanan
3568,pertahanan
3569,pertahanan
3570,pertahanan
3571,pertahanan
3572,pertahanan
3573,pertahanan
3574,pertahanan
3575,pertahanan
3576,pertahanan
3577,pertahanan
3578,pertahanan
3579,pertahanan
3580,pertahanan
3581,pertahanan
3582,pertahanan
3583,pertahanan
3584,pertahanan
3585,pertahanan
3586,pertahanan
3587,pertahanan
3588,pertahanan
3589,pertahanan
3590,pertahanan
3591,pertahanan
3592,pertahanan
3593,pertahanan
3594,pertahanan
3595,ideologi
3596,pertahanan
3597,pertahanan
3598,pertahanan
3599,pertahanan
3600,pertahanan
3601,pertahanan
3602,pertahanan
3603,pertahanan
3604,pertahanan
3605,pertahanan
3606,pertahanan
3607,pertahanan
3608,pertahanan
3609,pertahanan
3610,sdm
3611,pertahanan
3612,pertahanan
3613,pertahanan
3614,pertahanan
3615,pertahanan
3616,pertahanan
3617,pertahanan
3618,pertahanan
3619,pertahanan
3620,pertahanan
3621,pertahanan
3622,pertahanan
3623,pertahanan
3624,pertahanan
3625,pertahanan
3626,pertahanan
3627,pertahanan
3628,pertahanan
3629,pertahanan
3630,pertahanan
3631,ideologi
3632,pertahanan
3633,pertahanan
3634,pertahanan
3635,pertahanan
3636,pertahanan
3637,pertahanan
3638,pertahanan
3639,pertahanan
3640,pertahanan
3641,pertahanan
3642,pertahanan
3643,pertahanan
3644,pertahanan
3645,pertahanan
3646,pertahanan
3647,pertahanan
3648,pertahanan
3649,pertahanan
3650,pertahanan
3651,pertahanan
3652,pertahanan
3653,pertahanan
3654,pertahanan
3655,pertahanan
3656,pertahanan
3657,pertahanan
3658,pertahanan
3659,pertahanan
3660,pertahanan
3661,pertahanan
3662,pertahanan
3663,pertahanan
3664,pertahanan
3665,pertahanan
3666,pertahanan
3667,pertahanan
3668,pertahanan
3669,pertahanan
3670,pertahanan
3671,pertahanan
3672,pertahanan
3673,pertahanan
3674,pertahanan
3675,pertahanan
3676,pertahanan
3677,pertahanan
3678,pertahanan
3679,pertahanan
3680,pertahanan
3681,pertahanan
3682,pertahanan
3683,pertahanan
3684,pertahanan
3685,sdm
3686,pertahanan
3687,pertahanan
3688,pertahanan
3689,pertahanan
3690,pertahanan
3691,pertahanan
3692,pertahanan
3693,pertahanan
3694,pertahanan
3695,pertahanan
3696,pertahanan
3697,pertahanan
3698,pertahanan
3699,pertahanan
3700,pertahanan
3701,pertahanan
3702,pertahanan
3703,pertahanan
3704,pertahanan
3705,pertahanan
3706,pertahanan
3707,pertahanan
3708,pertahanan
3709,pertahanan
3710,pertahanan
3711,hilirisasi
3712,pertahanan
3713,pertahanan
3714,pertahanan
3715,pertahanan
3716,pertahanan
3717,pertahanan
3718,pertahanan
3719,pertahanan
3720,pertahanan
3721,pertahanan
3722,pertahanan
3723,pertahanan
3724,pertahanan
3725,pertahanan
3726,pertahanan
3727,pertahanan
3728,pertahanan
3729,pertahanan
3730,pertahanan
3731,pertahanan
3732,sdm
3733,pertahanan
3734,pertahanan
3735,pertahanan
3736,pertahanan
3737,pertahanan
3738,pertahanan
3739,pertahanan
3740,pertahanan
3741,pertahanan
3742,pertahanan
3743,pertahanan
3744,pertahanan
3745,pertahanan
3746,pertahanan
3747,pertahanan
3748,pertahanan
3749,pertahanan
3750,pertahanan
3751,pertahanan
3752,pertahanan
3753,pertahanan
3754,pertahanan
3755,pertahanan
3756,pertahanan
3757,pertahanan
3758,pertahanan
3759,pertahanan
3760,pertahanan
3761,pertahanan
3762,pertahanan
3763,pertahanan
3764,pertahanan
3765,pertahanan
3766,pertahanan
3767,pertahanan
3768,pertahanan
3769,pertahanan
3770,hilirisasi
3771,pertahanan
3772,pertahanan
3773,pemerataan
3774,pertahanan
3775,reformasi
3776,pertahanan
3777,pertahanan
3778,pertahanan
3779,pertahanan
3780,pertahanan
3781,ideologi
3782,pertahanan
3783,pekerjaan
3784,pertahanan
3785,pertahanan
3786,pertahanan
3787,pertahanan
3788,pertahanan
3789,pertahanan
3790,pertahanan
3791,pemerataan
3792,pemerataan
3793,pemerataan
3794,pertahanan
3795,pertahanan
3796,pertahanan
3797,pertahanan
3798,pertahanan
3799,pertahanan
3800,pertahanan
3801,pertahanan
3802,pertahanan
3803,pertahanan
3804,pertahanan
3805,pertahanan
3806,pertahanan
3807,pertahanan
3808,pertahanan
3809,pertahanan
3810,pertahanan
3811,pertahanan
3812,pertahanan
3813,pertahanan
3814,pertahanan
3815,pertahanan
3816,pertahanan
3817,pertahanan
3818,pertahanan
3819,pertahanan
3820,pertahanan
3821,pertahanan
3822,pertahanan
3823,pertahanan
3824,pertahanan
3825,pertahanan
3826,pertahanan
3827,sdm
3828,pertahanan
3829,pertahanan
3830,pertahanan
3831,pertahanan
3832,pertahanan
3833,pertahanan
3834,pertahanan
3835,pertahanan
3836,pertahanan
3837,pertahanan
3838,pertahanan
3839,pertahanan
3840,pertahanan
3841,pertahanan
3842,pertahanan
3843,pertahanan
3844,pertahanan
3845,pertahanan
3846,pertahanan
3847,pertahanan
3848,pertahanan
3849,pertahanan
3850,pertahanan
3851,pertahanan
3852,pertahanan
3853,pertahanan
3854,pertahanan
3855,pertahanan
3856,pertahanan
3857,pertahanan
3858,pertahanan
3859,pertahanan
3860,pertahanan
3861,pertahanan
3862,pertahanan
3863,pertahanan
3864,pertahanan
3865,pertahanan
3866,pertahanan
3867,pertahanan
3868,pertahanan
3869,pertahanan
3870,pertahanan
3871,pertahanan
3872,pertahanan
3873,pertahanan
3874,pertahanan
3875,pertahanan
3876,pertahanan
3877,pertahanan
3878,pertahanan
3879,pertahanan
3880,pertahanan
3881,pertahanan
3882,pertahanan
3883,pertahanan
3884,pertahanan
3885,pertahanan
3886,pertahanan
3887,pertahanan
3888,pertahanan
3889,pertahanan
3890,pertahanan
3891,pertahanan
3892,pertahanan
3893,pertahanan
3894,pertahanan
3895,pertahanan
3896,pertahanan
3897,ideologi
3898,reformasi
3899,ideologi
3900,pertahanan
3901,pertahanan
3902,pertahanan
3903,pertahanan
3904,pertahanan
3905,pertahanan
3906,pertahanan
3907,pertahanan
3908,pertahanan
3909,pertahanan
3910,pertahanan
3911,pertahanan
3912,pertahanan
3913,pertahanan
3914,pertahanan
3915,pertahanan
3916,pertahanan
3917,sdm
3918,pertahanan
3919,sdm
3920,sdm
3921,pertahanan
3922,sdm
3923,pertahanan
3924,sdm
3925,pertahanan
3926,pertahanan
3927,pertahanan
3928,pertahanan
3929,pertahanan
3930,pertahanan
3931,sdm
3932,pekerjaan
3933,pertahanan
3934,pertahanan
3935,pertahanan
3936,pertahanan
3937,pertahanan
3938,pertahanan
3939,sdm
3940,sdm
3941,reformasi
3942,reformasi
3943,reformasi
3944,reformasi
3945,reformasi
3946,pemerataan
3947,reformasi
3948,ideologi
3949,ideologi
3950,reformasi
3951,reformasi
3952,reformasi
3953,reformasi
3954,reformasi
3955,reformasi
3956,reformasi
3957,reformasi
3958,reformasi
3959,reformasi
3960,reformasi
3961,reformasi
3962,reformasi
3963,reformasi
3964,reformasi
3965,reformasi
3966,reformasi
3967,reformasi
3968,reformasi
3969,reformasi
3970,ideologi
3971,reformasi
3972,reformasi
3973,reformasi
3974,reformasi
3975,reformasi
3976,reformasi
3977,ideologi
3978,ideologi
3979,reformasi
3980,reformasi
3981,ideologi
3982,ideologi
3983,reformasi
3984,reformasi
3985,ideologi
3986,reformasi
3987,pekerjaan
3988,ideologi
3989,pekerjaan
3990,reformasi
3991,reformasi
3992,ideologi
3993,reformasi
3994,reformasi
3995,reformasi
3996,reformasi
3997,reformasi
3998,pekerjaan
3999,reformasi
4000,reformasi
4001,reformasi
4002,reformasi
4003,reformasi
4004,reformasi
4005,reformasi
4006,pertahanan
4007,reformasi
4008,ideologi
4009,reformasi
4010,reformasi
4011,reformasi
4012,reformasi
4013,reformasi
4014,reformasi
4015,reformasi
4016,reformasi
4017,reformasi
4018,reformasi
4019,ideologi
4020,reformasi
4021,reformasi
4022,reformasi
4023,reformasi
4024,reformasi
4025,reformasi
4026,harmoni
4027,reformasi
4028,reformasi
4029,reformasi
4030,reformasi
4031,reformasi
4032,reformasi
4033,reformasi
4034,reformasi
4035,reformasi
4036,reformasi
4037,reformasi
4038,ideologi
4039,reformasi
4040,reformasi
4041,reformasi
4042,reformasi
4043,reformasi
4044,reformasi
4045,reformasi
4046,reformasi
4047,reformasi
4048,reformasi
4049,reformasi
4050,ideologi
4051,reformasi
4052,reformasi
4053,ideologi
4054,reformasi
4055,reformasi
4056,reformasi
4057,reformasi
4058,reformasi
4059,reformasi
4060,reformasi
4061,reformasi
4062,ideologi
4063,reformasi
4064,reformasi
4065,reformasi
4066,reformasi
4067,reformasi
4068,reformasi
4069,reformasi
4070,reformasi
4071,reformasi
4072,hilirisasi
4073,reformasi
4074,reformasi
4075,ideologi
4076,reformasi
4077,reformasi
4078,reformasi
4079,reformasi
4080,ideologi
4081,reformasi
4082,reformasi
4083,reformasi
4084,reformasi
4085,reformasi
4086,reformasi
4087,reformasi
4088,reformasi
4089,reformasi
4090,reformasi
4091,ideologi
4092,reformasi
4093,reformasi
4094,reformasi
4095,reformasi
4096,reformasi
4097,reformasi
4098,reformasi
4099,reformasi
4100,reformasi
4101,reformasi
4102,ideologi
4103,reformasi
4104,ideologi
4105,ideologi
4106,reformasi
4107,reformasi
4108,reformasi
4109,ideologi
4110,ideologi
4111,reformasi
4112,sdm
4113,ideologi
4114,reformasi
4115,reformasi
4116,hilirisasi
4117,reformasi
4118,reformasi
4119,reformasi
4120,reformasi
4121,reformasi
4122,reformasi
4123,harmoni
4124,reformasi
4125,reformasi
4126,ideologi
4127,reformasi
4128,reformasi
4129,reformasi
4130,ideologi
4131,reformasi
4132,ideologi
4133,reformasi
4134,reformasi
4135,reformasi
4136,reformasi
4137,reformasi
4138,reformasi
4139,ideologi
4140,reformasi
4141,reformasi
4142,reformasi
4143,reformasi
4144,ideologi
4145,ideologi
4146,reformasi
4147,harmoni
4148,reformasi
4149,reformasi
4150,reformasi
4151,reformasi
4152,ideologi
4153,reformasi
4154,pemerataan
4155,ideologi
4156,reformasi
4157,reformasi
4158,reformasi
4159,reformasi
4160,reformasi
4161,reformasi
4162,reformasi
4163,reformasi
4164,reformasi
4165,reformasi
4166,reformasi
4167,ideologi
4168,ideologi
4169,reformasi
4170,reformasi
4171,reformasi
4172,reformasi
4173,reformasi
4174,reformasi
4175,reformasi
4176,reformasi
4177,reformasi
4178,reformasi
4179,reformasi
4180,pemerataan
4181,reformasi
4182,reformasi
4183,reformasi
4184,ideologi
4185,reformasi
4186,reformasi
4187,reformasi
4188,ideologi
4189,ideologi
4190,reformasi
4191,reformasi
4192,reformasi
4193,reformasi
4194,reformasi
4195,reformasi
4196,reformasi
4197,reformasi
4198,reformasi
4199,reformasi
4200,reformasi
4201,ideologi
4202,reformasi
4203,reformasi
4204,reformasi
4205,reformasi
4206,ideologi
4207,reformasi
4208,reformasi
4209,ideologi
4210,ideologi
4211,reformasi
4212,ideologi
4213,reformasi
4214,reformasi
4215,ideologi
4216,reformasi
4217,reformasi
4218,reformasi
4219,reformasi
4220,reformasi
4221,ideologi
4222,reformasi
4223,reformasi
4224,reformasi
4225,ideologi
4226,reformasi
4227,ideologi
4228,reformasi
4229,reformasi
4230,reformasi
4231,reformasi
4232,reformasi
4233,reformasi
4234,reformasi
4235,reformasi
4236,ideologi
4237,ideologi
4238,pekerjaan
4239,reformasi
4240,reformasi
4241,reformasi
4242,reformasi
4243,reformasi
4244,reformasi
4245,reformasi
4246,reformasi
4247,reformasi
4248,sdm
4249,pekerjaan
4250,pekerjaan
4251,reformasi
4252,reformasi
4253,reformasi
4254,reformasi
4255,reformasi
4256,reformasi
4257,reformasi
4258,reformasi
4259,reformasi
4260,reformasi
4261,reformasi
4262,reformasi
4263,reformasi
4264,reformasi
4265,reformasi
4266,reformasi
4267,ideologi
4268,reformasi
4269,reformasi
4270,reformasi
4271,ideologi
4272,reformasi
4273,reformasi
4274,ideologi
4275,reformasi
4276,reformasi
4277,reformasi
4278,reformasi
4279,reformasi
4280,reformasi
4281,reformasi
4282,reformasi
4283,ideologi
4284,reformasi
4285,ideologi
4286,ideologi
4287,reformasi
4288,reformasi
4289,reformasi
4290,reformasi
4291,reformasi
4292,ideologi
4293,reformasi
4294,reformasi
4295,reformasi
4296,reformasi
4297,reformasi
4298,reformasi
4299,reformasi
4300,reformasi
4301,reformasi
4302,reformasi
4303,reformasi
4304,reformasi
4305,ideologi
4306,reformasi
4307,reformasi
4308,reformasi
4309,reformasi
4310,ideologi
4311,reformasi
4312,reformasi
4313,reformasi
4314,reformasi
4315,reformasi
4316,hilirisasi
4317,hilirisasi
4318,hilirisasi
4319,hilirisasi
4320,hilirisasi
4321,hilirisasi
4322,hilirisasi
4323,hilirisasi
4324,hilirisasi
4325,hilirisasi
4326,ideologi
4327,hilirisasi
4328,hilirisasi
4329,hilirisasi
4330,hilirisasi
4331,reformasi
4332,hilirisasi
4333,hilirisasi
4334,hilirisasi
4335,hilirisasi
4336,hilirisasi
4337,reformasi
4338,hilirisasi
4339,hilirisasi
4340,hilirisasi
4341,pertahanan
4342,hilirisasi
4343,hilirisasi
4344,hilirisasi
4345,pertahanan
4346,reformasi
4347,hilirisasi
4348,hilirisasi
4349,hilirisasi
4350,hilirisasi
4351,hilirisasi
4352,hilirisasi
4353,hilirisasi
4354,reformasi
4355,hilirisasi
4356,pekerjaan
4357,pertahanan
4358,hilirisasi
4359,pekerjaan
4360,hilirisasi
4361,hilirisasi
4362,hilirisasi
4363,ideologi
4364,pemerataan
4365,hilirisasi
4366,hilirisasi
4367,hilirisasi
4368,hilirisasi
4369,hilirisasi
4370,hilirisasi
4371,hilirisasi
4372,pemerataan
4373,hilirisasi
4374,hilirisasi
4375,reformasi
4376,hilirisasi
4377,hilirisasi
4378,pekerjaan
4379,hilirisasi
4380,hilirisasi
4381,hilirisasi
4382,hilirisasi
4383,hilirisasi
4384,hilirisasi
4385,pertahanan
4386,pekerjaan
4387,hilirisasi
4388,hilirisasi
4389,hilirisasi
4390,pertahanan
4391,reformasi
4392,hilirisasi
4393,hilirisasi
4394,hilirisasi
4395,hilirisasi
4396,hilirisasi
4397,reformasi
4398,reformasi
4399,reformasi
4400,pekerjaan
4401,hilirisasi
4402,sdm
4403,pemerataan
4404,hilirisasi
4405,pekerjaan
4406,hilirisasi
4407,hilirisasi
4408,hilirisasi
4409,hilirisasi
4410,reformasi
4411,pertahanan
4412,hilirisasi
4413,hilirisasi
4414,hilirisasi
4415,hilirisasi
4416,hilirisasi
4417,hilirisasi
4418,reformasi
4419,sdm
4420,hilirisasi
4421,hilirisasi
4422,hilirisasi
4423,hilirisasi
4424,hilirisasi
4425,reformasi
4426,pertahanan
4427,hilirisasi
4428,pertahanan
4429,hilirisasi
4430,hilirisasi
4431,hilirisasi
4432,hilirisasi
4433,hilirisasi
4434,pertahanan
4435,hilirisasi
4436,hilirisasi
4437,reformasi
4438,hilirisasi
4439,hilirisasi
4440,reformasi
4441,pertahanan
4442,hilirisasi
4443,hilirisasi
4444,hilirisasi
4445,hilirisasi
4446,hilirisasi
4447,harmoni
4448,reformasi
4449,pertahanan
4450,reformasi
4451,hilirisasi
4452,hilirisasi
4453,sdm
4454,reformasi
4455,hilirisasi
4456,hilirisasi
4457,reformasi
4458,hilirisasi
4459,hilirisasi
4460,reformasi
4461,hilirisasi
4462,hilirisasi
4463,reformasi
4464,hilirisasi
4465,hilirisasi
4466,hilirisasi
4467,hilirisasi
4468,hilirisasi
4469,reformasi
4470,hilirisasi
4471,hilirisasi
4472,hilirisasi
4473,hilirisasi
4474,hilirisasi
4475,reformasi
4476,hilirisasi
4477,reformasi
4478,hilirisasi
4479,hilirisasi
4480,hilirisasi
4481,hilirisasi
4482,hilirisasi
4483,hilirisasi
4484,hilirisasi
4485,reformasi
4486,hilirisasi
4487,pekerjaan
4488,hilirisasi
4489,hilirisasi
4490,hilirisasi
4491,reformasi
4492,hilirisasi
4493,reformasi
4494,hilirisasi
4495,hilirisasi
4496,hilirisasi
4497,hilirisasi
4498,pertahanan
4499,pemerataan
4500,sdm
4501,pemerataan
4502,hilirisasi
4503,pertahanan
4504,pertahanan
4505,ideologi
4506,reformasi
4507,pertahanan
4508,hilirisasi
4509,hilirisasi
4510,hilirisasi
4511,hilirisasi
4512,hilirisasi
4513,hilirisasi
4514,hilirisasi
4515,ideologi
4516,ideologi
4517,reformasi
4518,ideologi
4519,ideologi
4520,ideologi
4521,ideologi
4522,ideologi
4523,ideologi
4524,ideologi
4525,ideologi
4526,ideologi
4527,ideologi
4528,ideologi
4529,ideologi
4530,ideologi
4531,ideologi
4532,ideologi
4533,ideologi
4534,ideologi
4535,ideologi
4536,ideologi
4537,ideologi
4538,ideologi
4539,ideologi
4540,ideologi
4541,ideologi
4542,ideologi
4543,ideologi
4544,ideologi
4545,ideologi
4546,ideologi
4547,ideologi
4548,ideologi
4549,ideologi
4550,ideologi
4551,ideologi
4552,ideologi
4553,ideologi
4554,ideologi
4555,ideologi
4556,ideologi
4557,ideologi
4558,ideologi
4559,ideologi
4560,harmoni
4561,ideologi
4562,ideologi
4563,ideologi
4564,ideologi
4565,ideologi
4566,ideologi
4567,ideologi
4568,harmoni
4569,ideologi
4570,ideologi
4571,ideologi
4572,ideologi
4573,ideologi
4574,ideologi
4575,ideologi
4576,ideologi
4577,sdm
4578,ideologi
4579,ideologi
4580,ideologi
4581,ideologi
4582,ideologi
4583,ideologi
4584,ideologi
4585,ideologi
4586,harmoni
4587,ideologi
4588,ideologi
4589,reformasi
4590,ideologi
4591,ideologi
4592,ideologi
4593,pemerataan
4594,ideologi
4595,ideologi
4596,reformasi
4597,ideologi
4598,ideologi
4599,ideologi
4600,sdm
4601,ideologi
4602,pertahanan
4603,ideologi
4604,pertahanan
4605,ideologi
4606,ideologi
4607,ideologi
4608,reformasi
4609,reformasi
4610,reformasi
4611,reformasi
4612,reformasi
4613,ideologi
4614,ideologi
4615,ideologi
4616,ideologi
4617,ideologi
4618,ideologi
4619,ideologi
4620,ideologi
4621,ideologi
4622,reformasi
4623,ideologi
4624,reformasi
4625,ideologi
4626,ideologi
4627,ideologi
4628,ideologi
4629,ideologi
4630,ideologi
4631,ideologi
4632,ideologi
4633,reformasi
4634,ideologi
4635,sdm
4636,ideologi
4637,ideologi
4638,reformasi
4639,sdm
4640,ideologi
4641,ideologi
4642,ideologi
4643,harmoni
4644,pertahanan
4645,reformasi
4646,ideologi
4647,ideologi
4648,ideologi
4649,ideologi
4650,ideologi
4651,ideologi
4652,ideologi
4653,ideologi
4654,ideologi
4655,ideologi
4656,ideologi
4657,ideologi
4658,ideologi
4659,ideologi
4660,ideologi
4661,ideologi
4662,ideologi
4663,ideologi
4664,ideologi
4665,ideologi
4666,ideologi
4667,ideologi
4668,reformasi
4669,ideologi
4670,ideologi
4671,ideologi
4672,ideologi
4673,ideologi
4674,harmoni
4675,reformasi
4676,ideologi
4677,pertahanan
4678,reformasi
4679,ideologi
4680,reformasi
4681,reformasi
4682,ideologi
4683,ideologi
4684,ideologi
4685,reformasi
4686,ideologi
4687,ideologi
4688,ideologi
4689,reformasi
4690,reformasi
4691,ideologi
4692,reformasi
4693,ideologi
4694,ideologi
4695,ideologi
4696,ideologi
4697,ideologi
4698,pekerjaan
4699,ideologi
4700,ideologi
4701,harmoni
4702,ideologi
4703,reformasi
4704,reformasi
4705,ideologi
4706,ideologi
4707,ideologi
4708,ideologi
4709,ideologi
4710,ideologi
4711,ideologi
4712,ideologi
4713,ideologi
4714,ideologi
4715,ideologi
4716,ideologi
4717,ideologi
4718,reformasi
4719,reformasi
4720,reformasi
4721,pertahanan
4722,reformasi
4723,reformasi
4724,ideologi
4725,ideologi
4726,ideologi
4727,reformasi
4728,ideologi
4729,ideologi
4730,ideologi
4731,ideologi
4732,ideologi
4733,ideologi
4734,ideologi
4735,ideologi
4736,ideologi
4737,reformasi
4738,ideologi
4739,ideologi
4740,ideologi
4741,pertahanan
4742,ideologi
4743,ideologi
4744,pertahanan
4745,ideologi
4746,ideologi
4747,ideologi
4748,ideologi
4749,ideologi
4750,ideologi
4751,ideologi
4752,ideologi
4753,ideologi
4754,ideologi
4755,ideologi
4756,ideologi
4757,ideologi
4758,ideologi
4759,ideologi
4760,ideologi
4761,reformasi
4762,ideologi
4763,ideologi
4764,ideologi
4765,ideologi
4766,ideologi
4767,reformasi
4768,reformasi
4769,ideologi
4770,ideologi
4771,reformasi
4772,ideologi
4773,ideologi
4774,ideologi
4775,ideologi
4776,ideologi
4777,ideologi
4778,ideologi
4779,ideologi
4780,ideologi
4781,ideologi
4782,ideologi
4783,ideologi
4784,ideologi
4785,sdm
4786,pertahanan
4787,ideologi
4788,ideologi
4789,ideologi
4790,ideologi
4791,ideologi
4792,hilirisasi
4793,ideologi
4794,ideologi
4795,ideologi
4796,ideologi
4797,reformasi
4798,ideologi
4799,reformasi
4800,reformasi
4801,ideologi
4802,ideologi
4803,sdm
4804,pertahanan
4805,ideologi
4806,harmoni
4807,ideologi
4808,ideologi
4809,ideologi
4810,ideologi
4811,ideologi
4812,ideologi
4813,ideologi
4814,ideologi
4815,ideologi
4816,reformasi
4817,ideologi
4818,ideologi
4819,ideologi
4820,ideologi
4821,ideologi
4822,ideologi
4823,ideologi
4824,ideologi
4825,ideologi
4826,ideologi
4827,ideologi
4828,ideologi
4829,pekerjaan
4830,pekerjaan
4831,pekerjaan
4832,pekerjaan
4833,pekerjaan
4834,pekerjaan
4835,pekerjaan
4836,pekerjaan
4837,pekerjaan
4838,pekerjaan
4839,pekerjaan
4840,pekerjaan
4841,pekerjaan
4842,pekerjaan
4843,pekerjaan
4844,pekerjaan
4845,reformasi
4846,pekerjaan
4847,pekerjaan
4848,pekerjaan
4849,pekerjaan
4850,reformasi
4851,pekerjaan
4852,pekerjaan
4853,pekerjaan
4854,pekerjaan
4855,pemerataan
4856,pekerjaan
4857,pekerjaan
4858,pekerjaan
4859,pekerjaan
4860,pekerjaan
4861,reformasi
4862,pekerjaan
4863,pekerjaan
4864,pekerjaan
4865,pekerjaan
4866,reformasi
4867,pekerjaan
4868,pekerjaan
4869,pekerjaan
4870,pekerjaan
4871,pertahanan
4872,pekerjaan
4873,pekerjaan
4874,pekerjaan
4875,pekerjaan
4876,pekerjaan
4877,pekerjaan
4878,pekerjaan
4879,pemerataan
4880,sdm
4881,pemerataan
4882,pekerjaan
4883,pekerjaan
4884,pemerataan
4885,pekerjaan
4886,pekerjaan
4887,pekerjaan
4888,pekerjaan
4889,pekerjaan
4890,pekerjaan
4891,pekerjaan
4892,pekerjaan
4893,pertahanan
4894,pekerjaan
4895,reformasi
4896,hilirisasi
4897,reformasi
4898,pekerjaan
4899,pekerjaan
4900,pekerjaan
4901,pekerjaan
4902,reformasi
4903,pekerjaan
4904,sdm
4905,pemerataan
4906,pemerataan
4907,pekerjaan
4908,pekerjaan
4909,pekerjaan
4910,pemerataan
4911,pemerataan
4912,pekerjaan
4913,pekerjaan
4914,pekerjaan
4915,pekerjaan
4916,pekerjaan
4917,pekerjaan
4918,pekerjaan
4919,pekerjaan
4920,sdm
4921,pekerjaan
4922,pekerjaan
4923,sdm
4924,pekerjaan
4925,pekerjaan
4926,pekerjaan
4927,reformasi
4928,pekerjaan
4929,pekerjaan
4930,pekerjaan
4931,pekerjaan
4932,reformasi
4933,pekerjaan
4934,pemerataan
4935,pekerjaan
4936,pekerjaan
4937,pekerjaan
4938,pekerjaan
4939,sdm
4940,pekerjaan
4941,pemerataan
4942,pekerjaan
4943,pekerjaan
4944,sdm
4945,pekerjaan
4946,pekerjaan
4947,pekerjaan
4948,pekerjaan
4949,sdm
4950,pekerjaan
4951,pekerjaan
4952,sdm
4953,pekerjaan
4954,pemerataan
4955,pekerjaan
4956,pekerjaan
4957,pekerjaan
4958,sdm
4959,pekerjaan
4960,ideologi
4961,sdm
4962,sdm
4963,sdm
4964,sdm
4965,pekerjaan
4966,pekerjaan
4967,pekerjaan
4968,pekerjaan
4969,pemerataan
4970,reformasi
4971,sdm
4972,pekerjaan
4973,pekerjaan
4974,pekerjaan
4975,pekerjaan
4976,pekerjaan
4977,pekerjaan
4978,sdm
4979,pekerjaan
4980,pekerjaan
4981,pekerjaan
4982,pekerjaan
4983,pekerjaan
4984,pekerjaan
4985,pekerjaan
4986,pemerataan
4987,sdm
4988,pekerjaan
4989,pekerjaan
4990,pekerjaan
4991,pekerjaan
4992,pekerjaan
4993,pekerjaan
4994,pekerjaan
4995,pekerjaan
4996,pekerjaan
4997,pekerjaan
4998,pekerjaan
4999,sdm
